id,label
95,True
136,True
59,True
60,True
124,True
111,True
135,True
27,True
110,True
42,True
56,True
80,True
28,True
101,True
91,True
24,True
119,True
93,True
72,True
16,True
30,True
97,True
22,True
53,True
58,True
81,True
47,True
7,True
121,True
129,True
51,True
127,True
133,True
52,True
114,True
2,True
33,True
15,True
82,True
37,True
3,True
103,True
94,True
85,True
21,True
49,True
140,True
64,True
131,True
61,True
86,True
38,True
132,True
77,True
70,True
115,True
78,True
87,True
75,True
44,True
